{
  "n_examples": 122,
  "retrieval_mode": "hybrid",
  "top_k": 5,
  "retrieval": {
    "recall@1": 0.5040983606557377,
    "recall@3": 0.6434426229508197,
    "recall@5": 0.6844262295081968,
    "recall@10": 0.7786885245901639,
    "mrr@10": 0.5932897475930262,
    "ndcg@10": 0.6352640430260843
  },
  "answer": {
    "em": 0.0,
    "f1": 0.36600082625074615,
    "bleu": 0.16756821488282084,
    "rouge_l": 0.3304091335796745
  },
  "citation": {
    "cit_p": 0.45491803278688525,
    "cit_r": 0.46311475409836067,
    "cit_f1": 0.4562841530054645
  },
  "faithfulness_mean": null,
  "faithfulness_n": 0
}