{
  "n_examples": 122,
  "retrieval_mode": "hybrid",
  "top_k": 5,
  "retrieval": {
    "recall@1": 0.5122950819672131,
    "recall@3": 0.6475409836065574,
    "recall@5": 0.6721311475409836,
    "recall@10": 0.7213114754098361,
    "mrr@10": 0.5854963570127505,
    "ndcg@10": 0.6178382350405676
  },
  "answer": {
    "em": 0.0,
    "f1": 0.24750059448797526,
    "bleu": 0.1078066952309393,
    "rouge_l": 0.21004664978569823
  },
  "citation": {
    "cit_p": 0.12021857923497267,
    "cit_r": 0.14344262295081966,
    "cit_f1": 0.12759562841530053
  },
  "faithfulness_mean": null,
  "faithfulness_n": 0
}