{
  "n_examples": 122,
  "retrieval_mode": "hybrid",
  "top_k": 5,
  "retrieval": {
    "recall@1": 0.5450819672131147,
    "recall@3": 0.6844262295081968,
    "recall@5": 0.7090163934426229,
    "recall@10": 0.8032786885245902,
    "mrr@10": 0.6286657559198543,
    "ndcg@10": 0.6679614594575605
  },
  "answer": {
    "em": 0.0,
    "f1": 0.35915006961018875,
    "bleu": 0.16298767451734744,
    "rouge_l": 0.32032565707143246
  },
  "citation": {
    "cit_p": 0.47267759562841527,
    "cit_r": 0.48770491803278687,
    "cit_f1": 0.47540983606557374
  },
  "faithfulness_mean": null,
  "faithfulness_n": 0
}