{
  "n_examples": 122,
  "retrieval_mode": "hybrid",
  "top_k": 5,
  "retrieval": {
    "recall@1": 0.5450819672131147,
    "recall@3": 0.6844262295081968,
    "recall@5": 0.7090163934426229,
    "recall@10": 0.8032786885245902,
    "mrr@10": 0.6286657559198543,
    "ndcg@10": 0.6679614594575605
  },
  "answer": {
    "em": 0.0,
    "f1": 0.26679647904511905,
    "bleu": 0.11967218145063907,
    "rouge_l": 0.22769826960200837
  },
  "citation": {
    "cit_p": 0.12704918032786885,
    "cit_r": 0.1557377049180328,
    "cit_f1": 0.1349726775956284
  },
  "faithfulness_mean": null,
  "faithfulness_n": 0
}