{
  "n_examples": 122,
  "retrieval_mode": "hybrid",
  "top_k": 5,
  "retrieval": {
    "recall@1": 0.3729508196721312,
    "recall@3": 0.5286885245901639,
    "recall@5": 0.6024590163934426,
    "recall@10": 0.6762295081967213,
    "mrr@10": 0.47256049960967994,
    "ndcg@10": 0.5191924695759668
  },
  "answer": {
    "em": 0.0,
    "f1": 0.25652914201308596,
    "bleu": 0.11238879528892026,
    "rouge_l": 0.2187743270948083
  },
  "citation": {
    "cit_p": 0.09494535519125684,
    "cit_r": 0.11475409836065574,
    "cit_f1": 0.10027322404371584
  },
  "faithfulness_mean": null,
  "faithfulness_n": 0
}