{
  "n_examples": 122,
  "retrieval_mode": "hybrid",
  "top_k": 5,
  "retrieval": {
    "recall@1": 0.5368852459016393,
    "recall@3": 0.680327868852459,
    "recall@5": 0.6885245901639344,
    "recall@10": 0.7459016393442623,
    "mrr@10": 0.6123861566484518,
    "ndcg@10": 0.6441005801097132
  },
  "answer": {
    "em": 0.0,
    "f1": 0.2581484086793909,
    "bleu": 0.11259052313856643,
    "rouge_l": 0.2205687435819998
  },
  "citation": {
    "cit_p": 0.09494535519125684,
    "cit_r": 0.12704918032786885,
    "cit_f1": 0.10491803278688525
  },
  "faithfulness_mean": null,
  "faithfulness_n": 0
}