{
  "n_examples": 122,
  "retrieval_mode": "bm25",
  "top_k": 5,
  "retrieval": {
    "recall@1": 0.3155737704918033,
    "recall@3": 0.3729508196721312,
    "recall@5": 0.4139344262295082,
    "recall@10": 0.47950819672131145,
    "mrr@10": 0.3621226906062972,
    "ndcg@10": 0.38753456781590956
  },
  "answer": {
    "em": 0.00819672131147541,
    "f1": 0.2271618191927629,
    "bleu": 0.10809266681018337,
    "rouge_l": 0.1995452351379145
  },
  "citation": {
    "cit_p": 0.05806010928961748,
    "cit_r": 0.06967213114754098,
    "cit_f1": 0.06120218579234973
  },
  "faithfulness_mean": null,
  "faithfulness_n": 0
}